--
-- PostgreSQL database dump
--

-- Dumped from database version 12.1
-- Dumped by pg_dump version 12.1

-- Started on 2020-01-20 21:15:39

SET statement_timeout = 0;
SET lock_timeout = 0;
SET idle_in_transaction_session_timeout = 0;
SET client_encoding = 'UTF8';
SET standard_conforming_strings = on;
SELECT pg_catalog.set_config('search_path', '', false);
SET check_function_bodies = false;
SET xmloption = content;
SET client_min_messages = warning;
SET row_security = off;

SET default_tablespace = '';

SET default_table_access_method = heap;

--
-- TOC entry 205 (class 1259 OID 16410)
-- Name: directors; Type: TABLE; Schema: public; Owner: postgres
--

CREATE TABLE public.directors (
    id integer NOT NULL,
    first_name character varying(20),
    last_name character varying(30)
);


ALTER TABLE public.directors OWNER TO postgres;

--
-- TOC entry 204 (class 1259 OID 16408)
-- Name: directors_id_seq; Type: SEQUENCE; Schema: public; Owner: postgres
--

CREATE SEQUENCE public.directors_id_seq
    AS integer
    START WITH 1
    INCREMENT BY 1
    NO MINVALUE
    NO MAXVALUE
    CACHE 1;


ALTER TABLE public.directors_id_seq OWNER TO postgres;

--
-- TOC entry 2881 (class 0 OID 0)
-- Dependencies: 204
-- Name: directors_id_seq; Type: SEQUENCE OWNED BY; Schema: public; Owner: postgres
--

ALTER SEQUENCE public.directors_id_seq OWNED BY public.directors.id;


--
-- TOC entry 211 (class 1259 OID 16438)
-- Name: genres; Type: TABLE; Schema: public; Owner: postgres
--

CREATE TABLE public.genres (
    id integer NOT NULL,
    name character varying(20)
);


ALTER TABLE public.genres OWNER TO postgres;

--
-- TOC entry 210 (class 1259 OID 16436)
-- Name: genres_id_seq; Type: SEQUENCE; Schema: public; Owner: postgres
--

CREATE SEQUENCE public.genres_id_seq
    AS integer
    START WITH 1
    INCREMENT BY 1
    NO MINVALUE
    NO MAXVALUE
    CACHE 1;


ALTER TABLE public.genres_id_seq OWNER TO postgres;

--
-- TOC entry 2882 (class 0 OID 0)
-- Dependencies: 210
-- Name: genres_id_seq; Type: SEQUENCE OWNED BY; Schema: public; Owner: postgres
--

ALTER SEQUENCE public.genres_id_seq OWNED BY public.genres.id;


--
-- TOC entry 207 (class 1259 OID 16420)
-- Name: movies; Type: TABLE; Schema: public; Owner: postgres
--

CREATE TABLE public.movies (
    id integer NOT NULL,
    title character varying(60),
    director_id integer,
    year integer,
    genre_id integer
);


ALTER TABLE public.movies OWNER TO postgres;

--
-- TOC entry 206 (class 1259 OID 16418)
-- Name: movies_id_seq; Type: SEQUENCE; Schema: public; Owner: postgres
--

CREATE SEQUENCE public.movies_id_seq
    AS integer
    START WITH 1
    INCREMENT BY 1
    NO MINVALUE
    NO MAXVALUE
    CACHE 1;


ALTER TABLE public.movies_id_seq OWNER TO postgres;

--
-- TOC entry 2883 (class 0 OID 0)
-- Dependencies: 206
-- Name: movies_id_seq; Type: SEQUENCE OWNED BY; Schema: public; Owner: postgres
--

ALTER SEQUENCE public.movies_id_seq OWNED BY public.movies.id;


--
-- TOC entry 209 (class 1259 OID 16430)
-- Name: rentals; Type: TABLE; Schema: public; Owner: postgres
--

CREATE TABLE public.rentals (
    id integer NOT NULL,
    movie_id integer,
    user_id integer,
    date_on date,
    date_to date
);


ALTER TABLE public.rentals OWNER TO postgres;

--
-- TOC entry 208 (class 1259 OID 16428)
-- Name: rentals_id_seq; Type: SEQUENCE; Schema: public; Owner: postgres
--

CREATE SEQUENCE public.rentals_id_seq
    AS integer
    START WITH 1
    INCREMENT BY 1
    NO MINVALUE
    NO MAXVALUE
    CACHE 1;


ALTER TABLE public.rentals_id_seq OWNER TO postgres;

--
-- TOC entry 2884 (class 0 OID 0)
-- Dependencies: 208
-- Name: rentals_id_seq; Type: SEQUENCE OWNED BY; Schema: public; Owner: postgres
--

ALTER SEQUENCE public.rentals_id_seq OWNED BY public.rentals.id;


--
-- TOC entry 203 (class 1259 OID 16398)
-- Name: users; Type: TABLE; Schema: public; Owner: postgres
--

CREATE TABLE public.users (
    id integer NOT NULL,
    first_name character varying(20),
    last_name character varying(30),
    email character varying(30),
    tel character varying(12)
);


ALTER TABLE public.users OWNER TO postgres;

--
-- TOC entry 202 (class 1259 OID 16396)
-- Name: users_id_seq; Type: SEQUENCE; Schema: public; Owner: postgres
--

CREATE SEQUENCE public.users_id_seq
    AS integer
    START WITH 1
    INCREMENT BY 1
    NO MINVALUE
    NO MAXVALUE
    CACHE 1;


ALTER TABLE public.users_id_seq OWNER TO postgres;

--
-- TOC entry 2885 (class 0 OID 0)
-- Dependencies: 202
-- Name: users_id_seq; Type: SEQUENCE OWNED BY; Schema: public; Owner: postgres
--

ALTER SEQUENCE public.users_id_seq OWNED BY public.users.id;


--
-- TOC entry 2712 (class 2604 OID 16413)
-- Name: directors id; Type: DEFAULT; Schema: public; Owner: postgres
--

ALTER TABLE ONLY public.directors ALTER COLUMN id SET DEFAULT nextval('public.directors_id_seq'::regclass);


--
-- TOC entry 2715 (class 2604 OID 16441)
-- Name: genres id; Type: DEFAULT; Schema: public; Owner: postgres
--

ALTER TABLE ONLY public.genres ALTER COLUMN id SET DEFAULT nextval('public.genres_id_seq'::regclass);


--
-- TOC entry 2713 (class 2604 OID 16423)
-- Name: movies id; Type: DEFAULT; Schema: public; Owner: postgres
--

ALTER TABLE ONLY public.movies ALTER COLUMN id SET DEFAULT nextval('public.movies_id_seq'::regclass);


--
-- TOC entry 2714 (class 2604 OID 16433)
-- Name: rentals id; Type: DEFAULT; Schema: public; Owner: postgres
--

ALTER TABLE ONLY public.rentals ALTER COLUMN id SET DEFAULT nextval('public.rentals_id_seq'::regclass);


--
-- TOC entry 2711 (class 2604 OID 16401)
-- Name: users id; Type: DEFAULT; Schema: public; Owner: postgres
--

ALTER TABLE ONLY public.users ALTER COLUMN id SET DEFAULT nextval('public.users_id_seq'::regclass);


--
-- TOC entry 2869 (class 0 OID 16410)
-- Dependencies: 205
-- Data for Name: directors; Type: TABLE DATA; Schema: public; Owner: postgres
--

COPY public.directors (id, first_name, last_name) FROM stdin;
1	Damien	Chazelle
2	Baz	Luhrmann
3	Peter	Scott
21	Ridley	Scott
23	Tim	Burton
\.


--
-- TOC entry 2875 (class 0 OID 16438)
-- Dependencies: 211
-- Data for Name: genres; Type: TABLE DATA; Schema: public; Owner: postgres
--

COPY public.genres (id, name) FROM stdin;
1	Fantasy
2	Science Fiction
3	Musical
4	Drama
6	Komedia
\.


--
-- TOC entry 2871 (class 0 OID 16420)
-- Dependencies: 207
-- Data for Name: movies; Type: TABLE DATA; Schema: public; Owner: postgres
--

COPY public.movies (id, title, director_id, year, genre_id) FROM stdin;
1	La la land	1	2016	3
2	The Great Gatsby	2	2013	4
3	Prometheus	1	2013	3
5	\N	\N	\N	\N
6	\N	\N	\N	\N
\.


--
-- TOC entry 2873 (class 0 OID 16430)
-- Dependencies: 209
-- Data for Name: rentals; Type: TABLE DATA; Schema: public; Owner: postgres
--

COPY public.rentals (id, movie_id, user_id, date_on, date_to) FROM stdin;
2	2	1	2020-01-02	2020-01-12
1	3	2	2020-01-01	2020-01-11
\.


--
-- TOC entry 2867 (class 0 OID 16398)
-- Dependencies: 203
-- Data for Name: users; Type: TABLE DATA; Schema: public; Owner: postgres
--

COPY public.users (id, first_name, last_name, email, tel) FROM stdin;
2	Iga	Biernat	iga@mail	+48987654321
1	Natalia	Bieryt	natalia@mail	12345678
3	Natalia	Mielimonka	natalia@mail.com	876543219
\.


--
-- TOC entry 2886 (class 0 OID 0)
-- Dependencies: 204
-- Name: directors_id_seq; Type: SEQUENCE SET; Schema: public; Owner: postgres
--

SELECT pg_catalog.setval('public.directors_id_seq', 23, true);


--
-- TOC entry 2887 (class 0 OID 0)
-- Dependencies: 210
-- Name: genres_id_seq; Type: SEQUENCE SET; Schema: public; Owner: postgres
--

SELECT pg_catalog.setval('public.genres_id_seq', 6, true);


--
-- TOC entry 2888 (class 0 OID 0)
-- Dependencies: 206
-- Name: movies_id_seq; Type: SEQUENCE SET; Schema: public; Owner: postgres
--

SELECT pg_catalog.setval('public.movies_id_seq', 20, true);


--
-- TOC entry 2889 (class 0 OID 0)
-- Dependencies: 208
-- Name: rentals_id_seq; Type: SEQUENCE SET; Schema: public; Owner: postgres
--

SELECT pg_catalog.setval('public.rentals_id_seq', 2, true);


--
-- TOC entry 2890 (class 0 OID 0)
-- Dependencies: 202
-- Name: users_id_seq; Type: SEQUENCE SET; Schema: public; Owner: postgres
--

SELECT pg_catalog.setval('public.users_id_seq', 3, true);


--
-- TOC entry 2723 (class 2606 OID 16417)
-- Name: directors directors_first_name_last_name_key; Type: CONSTRAINT; Schema: public; Owner: postgres
--

ALTER TABLE ONLY public.directors
    ADD CONSTRAINT directors_first_name_last_name_key UNIQUE (first_name, last_name);


--
-- TOC entry 2725 (class 2606 OID 16415)
-- Name: directors directors_pkey; Type: CONSTRAINT; Schema: public; Owner: postgres
--

ALTER TABLE ONLY public.directors
    ADD CONSTRAINT directors_pkey PRIMARY KEY (id);


--
-- TOC entry 2733 (class 2606 OID 16445)
-- Name: genres genres_name_key; Type: CONSTRAINT; Schema: public; Owner: postgres
--

ALTER TABLE ONLY public.genres
    ADD CONSTRAINT genres_name_key UNIQUE (name);


--
-- TOC entry 2735 (class 2606 OID 16443)
-- Name: genres genres_pkey; Type: CONSTRAINT; Schema: public; Owner: postgres
--

ALTER TABLE ONLY public.genres
    ADD CONSTRAINT genres_pkey PRIMARY KEY (id);


--
-- TOC entry 2727 (class 2606 OID 16425)
-- Name: movies movies_pkey; Type: CONSTRAINT; Schema: public; Owner: postgres
--

ALTER TABLE ONLY public.movies
    ADD CONSTRAINT movies_pkey PRIMARY KEY (id);


--
-- TOC entry 2729 (class 2606 OID 16427)
-- Name: movies movies_title_key; Type: CONSTRAINT; Schema: public; Owner: postgres
--

ALTER TABLE ONLY public.movies
    ADD CONSTRAINT movies_title_key UNIQUE (title);


--
-- TOC entry 2731 (class 2606 OID 16435)
-- Name: rentals rentals_pkey; Type: CONSTRAINT; Schema: public; Owner: postgres
--

ALTER TABLE ONLY public.rentals
    ADD CONSTRAINT rentals_pkey PRIMARY KEY (id);


--
-- TOC entry 2717 (class 2606 OID 16405)
-- Name: users users_email_key; Type: CONSTRAINT; Schema: public; Owner: postgres
--

ALTER TABLE ONLY public.users
    ADD CONSTRAINT users_email_key UNIQUE (email);


--
-- TOC entry 2719 (class 2606 OID 16403)
-- Name: users users_pkey; Type: CONSTRAINT; Schema: public; Owner: postgres
--

ALTER TABLE ONLY public.users
    ADD CONSTRAINT users_pkey PRIMARY KEY (id);


--
-- TOC entry 2721 (class 2606 OID 16407)
-- Name: users users_tel_key; Type: CONSTRAINT; Schema: public; Owner: postgres
--

ALTER TABLE ONLY public.users
    ADD CONSTRAINT users_tel_key UNIQUE (tel);


--
-- TOC entry 2736 (class 2606 OID 16446)
-- Name: movies movies_director_id_fkey; Type: FK CONSTRAINT; Schema: public; Owner: postgres
--

ALTER TABLE ONLY public.movies
    ADD CONSTRAINT movies_director_id_fkey FOREIGN KEY (director_id) REFERENCES public.directors(id);


--
-- TOC entry 2737 (class 2606 OID 16451)
-- Name: movies movies_genre_id_fkey; Type: FK CONSTRAINT; Schema: public; Owner: postgres
--

ALTER TABLE ONLY public.movies
    ADD CONSTRAINT movies_genre_id_fkey FOREIGN KEY (genre_id) REFERENCES public.genres(id);


--
-- TOC entry 2739 (class 2606 OID 16461)
-- Name: rentals rentals_movie_id_fkey; Type: FK CONSTRAINT; Schema: public; Owner: postgres
--

ALTER TABLE ONLY public.rentals
    ADD CONSTRAINT rentals_movie_id_fkey FOREIGN KEY (movie_id) REFERENCES public.movies(id);


--
-- TOC entry 2738 (class 2606 OID 16456)
-- Name: rentals rentals_user_id_fkey; Type: FK CONSTRAINT; Schema: public; Owner: postgres
--

ALTER TABLE ONLY public.rentals
    ADD CONSTRAINT rentals_user_id_fkey FOREIGN KEY (user_id) REFERENCES public.users(id);


-- Completed on 2020-01-20 21:15:39

--
-- PostgreSQL database dump complete
--

